date,close
2011-01-05,26.25
2011-01-06,25.15
2011-01-07,25.15
2011-01-10,28.65
2011-01-11,27.05
2011-01-12,24.4
2011-01-13,28.25
2011-01-14,29.65
2011-01-17,30.55
2011-01-18,26.55
2011-01-19,25.05
2011-01-20,25.25
2011-01-21,25.2
2011-01-24,31.35
2011-01-25,24.8
2011-01-31,28.7
2011-02-01,27.45
2011-02-02,26.25
2011-02-03,24.35
2011-02-04,26.4
2011-02-07,27.15
2011-02-10,27.25
2011-02-11,22.55
2011-02-14,23.7
2011-02-15,25.85
2011-02-16,26.15
2011-02-17,24.85
2011-02-18,23.05
2011-02-21,30.6
2011-02-22,36
2011-02-23,27.65
2011-02-24,29.45
2011-02-25,29.7
2011-02-28,25.7
2011-03-01,23.6
2011-03-03,23.75
2011-03-04,24.85
2011-03-07,27.65
2011-03-08,27.75
2011-03-09,26.65
2011-03-10,27.35
2011-03-11,27.4
2011-03-14,27
2011-03-15,32.65
2011-03-16,28.7
2011-03-17,27.85
2011-03-18,28.6
2011-03-21,29.1
2011-03-22,25.35
2011-03-23,21.85
2011-03-24,21.1
2011-03-25,20.55
2011-03-28,28.25
2011-03-29,29.65
2011-03-30,22
2011-03-31,22.3
2011-04-01,23.75
2011-04-04,23.4
2011-04-05,24.3
2011-04-06,23.85
2011-04-07,23.05
2011-04-08,22.1
2011-04-11,21.85
2011-04-13,21.95
2011-04-15,22.25
2011-04-18,25
2011-04-19,26.3
2011-04-20,23.4
2011-04-21,22.85
2011-04-25,26.6
2011-04-26,27.2
2011-05-02,25.9
2011-05-03,23.85
2011-05-04,22.7
2011-05-05,22.75
2011-05-06,21.65
2011-05-09,24.55
2011-05-10,23.7
2011-05-11,24
2011-05-12,25.6
2011-05-13,23.35
2011-05-16,24.55
2011-05-17,22.85
2011-05-18,22.95
2011-05-19,20.9
2011-05-20,19
2011-05-23,27.9
2011-05-24,28.85
2011-05-25,21.15
2011-05-26,20.7
2011-05-27,18.45
2011-05-30,20.8
2011-05-31,19.3
2011-06-01,19.75
2011-06-02,20.6
2011-06-03,20.4
2011-06-06,20.45
2011-06-07,21.15
2011-06-08,20.9
2011-06-09,21.25
2011-06-10,20.95
2011-06-13,21.75
2011-06-14,21.05
2011-06-15,23.1
2011-06-16,21.7
2011-06-17,21.7
2011-06-20,23.55
2011-06-21,22.75
2011-06-22,21.85
2011-06-23,20.25
2011-06-24,22.1
2011-06-27,26.2
2011-06-28,25.25
2011-06-29,21.9
2011-06-30,19.95
2011-07-01,20
2011-07-04,19.85
2011-07-05,20.5
2011-07-06,21.05
2011-07-07,20.95
2011-07-08,20.55
2011-07-11,21.2
2011-07-12,23.4
2011-07-13,22.1
2011-07-14,22
2011-07-15,22.2
2011-07-18,23.8
2011-07-19,23.4
2011-07-20,22.25
2011-07-21,21.55
2011-07-22,22.05
2011-07-25,28.95
2011-07-26,26.6
2011-07-27,20.35
2011-07-28,20.1
2011-07-29,21.1
2011-08-01,21.15
2011-08-02,22.9
2011-08-03,21.65
2011-08-04,22.15
2011-08-05,26.85
2011-08-08,31.05
2011-08-09,38.85
2011-08-10,26.85
2011-08-11,31.65
2011-08-12,27.5
2011-08-16,28.45
2011-08-17,29.9
2011-08-18,32.4
2011-08-19,33.75
2011-08-22,39.6
2011-08-23,35.3
2011-08-24,27.6
2011-08-25,28.25
2011-08-26,33.1
2011-08-29,25.85
2011-08-30,23.55
2011-09-02,25.45
2011-09-05,27.8
2011-09-06,27.5
2011-09-07,27.2
2011-09-08,26.9
2011-09-09,30.1
2011-09-12,36.85
2011-09-13,38.35
2011-09-14,36.85
2011-09-15,31.45
2011-09-16,27.15
2011-09-19,31.25
2011-09-20,23.65
2011-09-21,25.6
2011-09-22,32.55
2011-09-23,34.1
2011-09-26,36.15
2011-09-27,30.95
2011-09-28,29.3
2011-10-03,34.35
2011-10-04,38.5
2011-10-05,39
2011-10-07,32.5
2011-10-10,31.75
2011-10-11,32.35
2011-10-12,25.95
2011-10-13,26.5
2011-10-14,23.9
2011-10-17,24.4
2011-10-18,21.85
2011-10-19,21.85
2011-10-20,22.05
2011-10-21,23.45
2011-10-24,27.2
2011-10-28,22.95
2011-10-31,25.1
2011-11-01,25.8
2011-11-02,25.95
2011-11-03,24.6
2011-11-04,25.1
2011-11-08,24.3
2011-11-09,25.35
2011-11-11,28.55
2011-11-14,28.75
2011-11-15,29.25
2011-11-16,26.3
2011-11-17,31.2
2011-11-18,31.9
2011-11-21,39.1
2011-11-22,43.5
2011-11-23,35.25
2011-11-24,30.5
2011-11-25,28.8
2011-11-28,27.05
2011-11-29,27.85
2011-11-30,27.5
2011-12-01,25.7
2011-12-02,24.35
2011-12-05,27.2
2011-12-07,28.3
2011-12-08,32.5
2011-12-09,32.05
2011-12-12,36.45
2011-12-13,34.05
2011-12-14,36.15
2011-12-15,36.55
2011-12-16,34.95
2011-12-19,39.7
2011-12-20,39.9
2011-12-21,31.05
2011-12-22,32.8
2011-12-23,32.2
2011-12-26,32.15
2011-12-27,32.7
2011-12-28,32.4
2011-12-29,32.95
2011-12-30,32.8
2012-01-02,34.75
2012-01-03,31.35
2012-01-04,31.4
2012-01-05,30.35
2012-01-06,30.9
2012-01-09,33.25
2012-01-10,30.85
2012-01-11,30.55
2012-01-12,30.45
2012-01-13,29.25
2012-01-16,30.75
2012-01-17,27
2012-01-18,26.55
2012-01-19,27.6
2012-01-20,30.5
2012-01-23,43.35
2012-01-24,21.6
2012-01-25,27.05
2012-01-27,27
2012-01-30,28.6
2012-01-31,27.75
2012-02-01,28.15
2012-02-02,29.15
2012-02-03,29.75
2012-02-06,31.85
2012-02-07,32.5
2012-02-08,32.6
2012-02-09,29.25
2012-02-10,28.15
2012-02-13,29.3
2012-02-14,25.15
2012-02-15,21.5
2012-02-16,22.15
2012-02-17,22.95
2012-02-21,31
2012-02-22,31.75
2012-02-23,31.5
2012-02-24,31.45
2012-02-27,35.1
2012-02-28,33.05
2012-02-29,35.2
2012-03-01,36.65
2012-03-02,37.35
2012-03-05,40.8
2012-03-06,38.35
2012-03-07,35.85
2012-03-09,35.5
2012-03-12,37.65
2012-03-13,36.45
2012-03-14,33.9
2012-03-15,34.15
2012-03-16,32
2012-03-19,31.6
2012-03-20,29.85
2012-03-21,28.4
2012-03-22,31.85
2012-03-23,29.4
2012-03-26,39.1
2012-03-27,38.45
2012-03-28,31
2012-03-29,31.35
2012-03-30,28.2
2012-04-02,27.8
2012-04-03,26.35
2012-04-04,26.55
2012-04-09,30.6
2012-04-10,29.2
2012-04-11,30.3
2012-04-12,28.3
2012-04-13,29.8
2012-04-16,34.45
2012-04-17,26.9
2012-04-18,23.3
2012-04-19,20.7
2012-04-20,22.85
2012-04-23,31.95
2012-04-24,32.25
2012-04-25,25.7
2012-04-26,23.25
2012-04-27,22.75
2012-04-30,21.9
2012-05-02,21.5
2012-05-03,22.7
2012-05-04,24.85
2012-05-07,23.45
2012-05-08,26.35
2012-05-09,29
2012-05-10,27.75
2012-05-11,27.25
2012-05-14,30.2
2012-05-15,28.95
2012-05-16,28.7
2012-05-17,29.3
2012-05-18,26.9
2012-05-21,28.25
2012-05-22,28.3
2012-05-23,31.45
2012-05-24,27.05
2012-05-25,24.9
2012-05-28,25.65
2012-05-29,26.35
2012-05-30,26.85
2012-05-31,27.1
2012-06-01,29.65
2012-06-04,29.95
2012-06-05,29.25
2012-06-06,28.05
2012-06-07,27.9
2012-06-08,27.15
2012-06-11,29.55
2012-06-12,29.8
2012-06-13,30.15
2012-06-14,32.5
2012-06-15,32.05
2012-06-18,26
2012-06-19,23.65
2012-06-20,24.85
2012-06-21,21.3
2012-06-22,21.75
2012-06-25,26.2
2012-06-26,26.25
2012-06-27,24.9
2012-06-28,24.5
2012-06-29,23.1
2012-07-02,23.5
2012-07-03,22.8
2012-07-04,22.6
2012-07-05,21.7
2012-07-06,20.9
2012-07-09,22.75
2012-07-10,21.5
2012-07-11,21.7
2012-07-12,21.05
2012-07-13,18.85
2012-07-16,19
2012-07-17,18.45
2012-07-18,16.95
2012-07-19,15.25
2012-07-20,14.45
2012-07-23,20.15
2012-07-24,19.85
2012-07-25,22.7
2012-07-26,21
2012-07-27,20.95
2012-07-30,21.1
2012-07-31,20
2012-08-01,20.1
2012-08-02,19.75
2012-08-03,19.8
2012-08-06,18.65
2012-08-07,18.15
2012-08-08,18.6
2012-08-09,19.2
2012-08-10,17.95
2012-08-13,18.9
2012-08-14,18.05
2012-08-16,18.05
2012-08-17,17.15
2012-08-21,17.45
2012-08-22,17.4
2012-08-23,16.4
2012-08-24,17.4
2012-08-27,19.55
2012-08-28,20.6
2012-08-29,19.4
2012-08-30,18.85
2012-08-31,20.75
2012-09-03,20.35
2012-09-04,19.95
2012-09-05,21.15
2012-09-06,20.7
2012-09-07,18.15
2012-09-10,18.5
2012-09-11,18.8
2012-09-12,18.45
2012-09-13,19
2012-09-14,18.05
2012-09-17,21.6
2012-09-18,22.8
2012-09-20,25.1
2012-09-21,24.3
2012-09-24,28.45
2012-09-25,27.2
2012-09-26,21.5
2012-09-27,20.9
2012-09-28,20.35
2012-10-01,21.15
2012-10-03,21
2012-10-04,21
2012-10-05,22.15
2012-10-08,22.65
2012-10-09,22.5
2012-10-10,22.35
2012-10-11,22.35
2012-10-12,20.3
2012-10-15,20.55
2012-10-16,19.65
2012-10-17,18
2012-10-18,18.15
2012-10-19,17.4
2012-10-22,18.35
2012-10-23,16.1
2012-10-25,17.9
2012-10-26,18.85
2012-10-29,19.85
2012-10-30,18.2
2012-10-31,17.5
2012-11-01,17.3
2012-11-02,16.1
2012-11-05,16.5
2012-11-06,17.3
2012-11-07,15.85
2012-11-08,16.35
2012-11-09,15.4
2012-11-12,15.75
2012-11-13,15.85
2012-11-15,15.8
2012-11-16,15.6
2012-11-19,16.8
2012-11-20,16.1
2012-11-21,14.8
2012-11-22,14.35
2012-11-23,12.8
2012-11-26,16.2
2012-11-27,11.3
2012-11-29,17.5
2012-11-30,18.45
2012-12-03,19.7
2012-12-04,19.9
2012-12-05,20.45
2012-12-06,19.65
2012-12-07,18.45
2012-12-10,18.95
2012-12-11,18.85
2012-12-12,19.3
2012-12-13,19.1
2012-12-14,19.35
2012-12-17,21
2012-12-18,17.55
2012-12-19,15.75
2012-12-20,14.6
2012-12-21,14.35
2012-12-24,13.95
2012-12-26,17.6
2012-12-27,16.8
2012-12-28,16.2
2012-12-31,17.7
2013-01-01,16.4
2013-01-02,16
2013-01-03,15.65
2013-01-04,15.55
2013-01-07,16.35
2013-01-08,16.45
2013-01-09,16.05
2013-01-10,15.6
2013-01-11,16.65
2013-01-14,16.85
2013-01-15,17.1
2013-01-16,20.2
2013-01-17,19.45
2013-01-18,18.6
2013-01-21,19.2
2013-01-22,19.7
2013-01-23,19.35
2013-01-24,20.55
2013-01-25,22.1
2013-01-28,31.6
2013-01-29,20.8
2013-01-30,16.45
2013-01-31,16.1
2013-02-01,16.1
2013-02-04,15.95
2013-02-05,16.15
2013-02-06,16.3
2013-02-07,16.4
2013-02-08,15.95
2013-02-11,17.35
2013-02-12,16.9
2013-02-13,16.85
2013-02-14,16.45
2013-02-15,15.9
2013-02-18,17.35
2013-02-19,16.9
2013-02-20,17.2
2013-02-21,18.75
2013-02-22,18.65
2013-02-25,24.1
2013-02-26,26.2
2013-02-27,18.45
2013-02-28,17.45
2013-03-01,16.95
2013-03-04,16.2
2013-03-05,14.95
2013-03-06,16.5
2013-03-07,16.25
2013-03-08,16.55
2013-03-11,19.25
2013-03-12,21.1
2013-03-13,23
2013-03-14,20.6
2013-03-15,21.7
2013-03-18,24.9
2013-03-19,22.65
2013-03-20,22.4
2013-03-21,23
2013-03-22,20.7
2013-03-25,27.3
2013-03-26,20.2
2013-03-28,18.8
2013-04-01,20.25
2013-04-02,20.05
2013-04-03,20.5
2013-04-04,22.85
2013-04-05,21.95
2013-04-08,22.45
2013-04-09,23.25
2013-04-10,22.25
2013-04-11,21.55
2013-04-12,20.4
2013-04-15,21.85
2013-04-16,21
2013-04-17,22.1
2013-04-18,17.85
2013-04-22,27.95
2013-04-23,25.95
2013-04-25,20.65
2013-04-26,21.55
2013-04-29,23.05
2013-04-30,24.45
2013-05-02,24.5
2013-05-03,21.45
2013-05-06,22.1
2013-05-07,22.3
2013-05-08,23.15
2013-05-09,23.7
2013-05-10,23.1
2013-05-13,24.95
2013-05-14,24.5
2013-05-15,24.3
2013-05-16,23.65
2013-05-17,22.35
2013-05-20,24.55
2013-05-21,23.95
2013-05-22,23.25
2013-05-23,26
2013-05-24,21.85
2013-05-27,23.8
2013-05-28,25.85
2013-05-29,21.2
2013-05-30,20.5
2013-05-31,22.2
2013-06-03,23.45
2013-06-04,24.6
2013-06-05,24.35
2013-06-06,23.75
2013-06-07,23.6
2013-06-10,26.9
2013-06-11,28
2013-06-12,28.45
2013-06-13,28.7
2013-06-14,26.5
2013-06-17,24.55
2013-06-18,25.25
2013-06-19,26.1
2013-06-20,24.95
2013-06-21,22.15
2013-06-24,27.35
2013-06-25,26.55
2013-06-26,25.45
2013-06-27,23.45
2013-06-28,22.2
2013-07-01,23.55
2013-07-02,24.3
2013-07-03,26.2
2013-07-04,26.35
2013-07-05,26.2
2013-07-08,28.15
2013-07-09,28.15
2013-07-10,27.5
2013-07-11,25.35
2013-07-12,24.6
2013-07-15,25.15
2013-07-16,27.85
2013-07-17,31.3
2013-07-18,27.95
2013-07-19,28.4
2013-07-22,32.95
2013-07-23,26.3
2013-07-24,27.8
2013-07-25,27.7
2013-07-26,29.35
2013-07-29,30.75
2013-07-30,29.9
2013-07-31,31.45
2013-08-01,31.35
2013-08-02,32.4
2013-08-05,32.25
2013-08-06,34.65
2013-08-07,32.65
2013-08-08,31
2013-08-12,32.3
2013-08-13,28.55
2013-08-14,26.55
2013-08-16,32.25
2013-08-19,36.7
2013-08-20,36.05
2013-08-21,43.55
2013-08-22,44.15
2013-08-23,36.95
2013-08-26,40.45
2013-08-27,46.95
2013-08-28,41.35
2013-08-29,39.75
2013-08-30,39.55
2013-09-02,40.3
2013-09-03,45.75
2013-09-04,46.45
2013-09-05,43.6
2013-09-06,42.8
2013-09-10,46.45
2013-09-11,46.85
2013-09-12,45.6
2013-09-13,43.2
2013-09-16,45.05
2013-09-17,46
2013-09-18,49.25
2013-09-19,42.25
2013-09-20,36.1
2013-09-23,53.4
2013-09-24,51.4
2013-09-25,38.4
2013-09-26,36.4
2013-09-27,38.35
2013-09-30,39.85
2013-10-01,38
2013-10-03,37.2
2013-10-04,38.05
2013-10-07,39.95
2013-10-08,39.95
2013-10-09,39.95
2013-10-10,39
2013-10-11,33.9
2013-10-14,34.25
2013-10-15,34.6
2013-10-17,30.7
2013-10-18,29.4
2013-10-21,33
2013-10-22,33.05
2013-10-23,32.4
2013-10-24,33.85
2013-10-25,32.55
2013-10-28,45.5
2013-10-29,34
2013-10-30,27.75
2013-10-31,26.55
2013-11-01,28.95
2013-11-05,30.3
2013-11-06,30.15
2013-11-07,30.2
2013-11-08,29.25
2013-11-11,30.55
2013-11-12,29.7
2013-11-13,30.3
2013-11-14,26.8
2013-11-18,28.75
2013-11-19,27.85
2013-11-20,27.4
2013-11-21,28.65
2013-11-22,27.2
2013-11-25,33.2
2013-11-26,34.2
2013-11-27,31
2013-11-28,30.05
2013-11-29,31.4
2013-12-02,36.1
2013-12-03,38.45
2013-12-04,39.25
2013-12-05,34.8
2013-12-06,36.4
2013-12-09,29.6
2013-12-10,29.8
2013-12-11,28.65
2013-12-12,30.35
2013-12-13,29.9
2013-12-16,34.75
2013-12-17,34.9
2013-12-18,32.6
2013-12-19,24.05
2013-12-20,20.45
2013-12-23,21.05
2013-12-24,20
2013-12-26,23.35
2013-12-27,23.05
2013-12-30,24
2013-12-31,23.75
2014-01-01,23.5
2014-01-02,24.85
2014-01-03,24.35
2014-01-06,25.8
2014-01-07,25.85
2014-01-08,25.55
2014-01-09,25.65
2014-01-10,24.05
2014-01-13,24.3
2014-01-14,24.55
2014-01-15,23.35
2014-01-16,23.45
2014-01-17,21.15
2014-01-20,22.35
2014-01-21,21.25
2014-01-22,22.95
2014-01-23,23.5
2014-01-24,23.55
2014-01-27,40.3
2014-01-28,31.5
2014-01-29,25.7
2014-01-30,26.05
2014-01-31,25.7
2014-02-03,28.45
2014-02-04,29.35
2014-02-05,29.3
2014-02-06,29.35
2014-02-07,28.7
2014-02-10,29.3
2014-02-11,27.9
2014-02-12,25.45
2014-02-13,24.8
2014-02-14,23.05
2014-02-17,21.6
2014-02-18,20.35
2014-02-19,19.7
2014-02-20,22.35
2014-02-21,18.15
2014-02-24,18.7
2014-02-25,15.6
2014-02-26,20.85
2014-02-28,20.2
2014-03-03,21.65
2014-03-04,20.35
2014-03-05,18.95
2014-03-06,19.2
2014-03-07,25.15
2014-03-10,27.45
2014-03-11,28.7
2014-03-12,27.85
2014-03-13,26.35
2014-03-14,25.3
2014-03-18,27.05
2014-03-19,27.7
2014-03-20,23.3
2014-03-21,20.15
2014-03-24,26.35
2014-03-25,26.45
2014-03-26,28.45
2014-03-27,27.3
2014-03-28,27.9
2014-03-31,30.25
2014-04-01,27
2014-04-02,25.85
2014-04-03,25.8
2014-04-04,23.6
2014-04-07,23.5
2014-04-09,22.5
2014-04-10,21.7
2014-04-11,20.4
2014-04-15,21.15
2014-04-16,19.55
2014-04-17,18.55
2014-04-21,18.5
2014-04-22,17.85
2014-04-23,38.9
2014-04-25,42.35
2014-04-28,41.8
2014-04-29,41.55
2014-04-30,42.35
2014-05-02,45.95
2014-05-05,49.5
2014-05-06,49.7
2014-05-07,52.75
2014-05-08,56.6
2014-05-09,59.35
2014-05-12,59.95
2014-05-13,49.25
2014-05-14,53.3
2014-05-15,56.4
2014-05-16,33.45
2014-05-19,28.25
2014-05-20,29.35
2014-05-21,26.75
2014-05-22,24.2
2014-05-23,24.95
2014-05-26,34.15
2014-05-27,28.45
2014-05-28,27.15
2014-05-29,26.4
2014-05-30,26.55
2014-06-02,27.8
2014-06-03,25.85
2014-06-04,25.25
2014-06-05,24.8
2014-06-06,24.75
2014-06-09,26.05
2014-06-10,25.7
2014-06-11,25.9
2014-06-12,25.85
2014-06-13,26.15
2014-06-16,27.8
2014-06-17,27.45
2014-06-18,27.7
2014-06-19,27.15
2014-06-20,23.1
2014-06-23,23.35
2014-06-24,22.45
2014-06-25,27.75
2014-06-26,27.2
2014-06-27,27
2014-06-30,27.55
2014-07-01,27.35
2014-07-02,26.75
2014-07-03,27.2
2014-07-04,27.7
2014-07-07,30.7
2014-07-08,30.6
2014-07-09,29.75
2014-07-10,24.65
2014-07-11,24.7
2014-07-14,23.7
2014-07-15,23.55
2014-07-16,22.05
2014-07-17,20.8
2014-07-18,20.7
2014-07-21,20.4
2014-07-22,18.95
2014-07-23,18.35
2014-07-24,16.8
2014-07-25,15.65
2014-07-28,15.25
2014-07-30,20.6
2014-07-31,20.35
2014-08-01,22.6
2014-08-04,22.4
2014-08-05,20.2
2014-08-06,20.45
2014-08-07,19.85
2014-08-08,19.45
2014-08-11,19.55
2014-08-12,17.95
2014-08-13,18.5
2014-08-14,17
2014-08-18,17.8
2014-08-19,17.8
2014-08-20,17.9
2014-08-21,17.85
2014-08-22,16.25
2014-08-25,18.7
2014-08-26,17.1
2014-08-27,18.45
2014-08-28,17.8
2014-09-01,20.15
2014-09-02,19.5
2014-09-03,18.95
2014-09-04,19
2014-09-05,18.7
2014-09-08,18.6
2014-09-09,18.7
2014-09-10,18.25
2014-09-11,18.55
2014-09-12,17.6
2014-09-15,18.65
2014-09-16,19.4
2014-09-17,19.1
2014-09-18,16
2014-09-19,14.6
2014-09-22,15.55
2014-09-23,16
2014-09-24,15.5
2014-09-25,17.05
2014-09-26,17.55
2014-09-29,17.95
2014-09-30,17.35
2014-10-01,17.25
2014-10-07,19
2014-10-08,18.7
2014-10-09,16.75
2014-10-10,18.4
2014-10-13,18.4
2014-10-14,19.15
2014-10-16,22.9
2014-10-17,20.5
2014-10-20,17.95
2014-10-21,14.35
2014-10-22,14.4
2014-10-23,14.15
2014-10-27,19.65
2014-10-28,18.95
2014-10-29,17.4
2014-10-30,17.6
2014-10-31,18.55
2014-11-03,18.9
2014-11-05,18.35
2014-11-07,18.75
2014-11-10,18.9
2014-11-11,18.1
2014-11-12,17.4
2014-11-13,16.95
2014-11-14,16.1
2014-11-17,17.05
2014-11-18,15.5
2014-11-19,16.4
2014-11-20,16.2
2014-11-21,15.1
2014-11-24,16.75
2014-11-25,20.9
2014-11-26,20.4
2014-11-27,19.65
2014-11-28,20.7
2014-12-01,20.95
2014-12-02,18.25
2014-12-03,17.7
2014-12-04,17.25
2014-12-05,16.8
2014-12-08,17.7
2014-12-09,17.9
2014-12-10,17.8
2014-12-11,18.25
2014-12-12,18.75
2014-12-15,19.65
2014-12-16,21.4
2014-12-17,22.3
2014-12-18,17.05
2014-12-19,15.45
2014-12-22,13.65
2014-12-23,12.75
2014-12-24,19.2
2014-12-26,19.15
2014-12-29,20.15
2014-12-30,19.95
2014-12-31,19.8
2015-01-01,19.2
2015-01-02,18.6
2015-01-05,19.25
2015-01-06,23.55
2015-01-07,24.5
2015-01-08,21.95
2015-01-09,21.25
2015-01-12,21.5
2015-01-13,22.15
2015-01-14,23.65
2015-01-15,19.4
2015-01-16,20.5
2015-01-19,20.55
2015-01-20,18.35
2015-01-21,19
2015-01-22,20.8
2015-01-23,14.55
2015-01-27,20.4
2015-01-28,24.7
2015-01-29,24.65
2015-01-30,28.5
2015-02-02,29.3
2015-02-03,26.4
2015-02-04,26.35
2015-02-05,25.45
2015-02-06,26.8
2015-02-09,27.6
2015-02-10,25.7
2015-02-11,26
2015-02-12,26.25
2015-02-13,24.95
2015-02-16,26.15
2015-02-18,27.35
2015-02-19,26.9
2015-02-20,26.25
2015-02-23,27.65
2015-02-24,23.25
2015-02-25,28.15
2015-02-26,27.9
2015-02-27,27.75
2015-03-02,25.3
2015-03-03,25.05
2015-03-04,22.8
2015-03-05,21.5
2015-03-09,24.2
2015-03-10,24.05
2015-03-11,24.15
2015-03-12,23.45
2015-03-13,23
2015-03-16,24.8
2015-03-17,23.3
2015-03-18,25.25
2015-03-19,21.8
2015-03-20,20.1
2015-03-23,20.85
2015-03-24,19.55
2015-03-25,19.2
2015-03-26,20.8
2015-03-27,20.9
2015-03-30,19.9
2015-03-31,19.8
2015-04-01,20
2015-04-06,21.6
2015-04-07,20.55
2015-04-08,20.85
2015-04-09,19.8
2015-04-10,19.95
2015-04-13,20.55
2015-04-15,20.25
2015-04-16,21.45
2015-04-17,22.35
2015-04-20,24.65
2015-04-21,25.15
2015-04-22,23.7
2015-04-23,23.9
2015-04-24,21.7
2015-04-27,24
2015-04-28,24.95
2015-04-29,21.25
2015-04-30,21.55
2015-05-04,22.85
2015-05-05,22.9
2015-05-06,26.15
2015-05-07,26.7
2015-05-08,24.2
2015-05-11,23.8
2015-05-12,27.8
2015-05-13,27.2
2015-05-14,27.95
2015-05-15,27.2
2015-05-18,25.65
2015-05-19,23.65
2015-05-20,22.75
2015-05-21,22
2015-05-22,17.7
2015-05-25,20.35
2015-05-26,18.75
2015-05-27,22.5
2015-05-28,24.4
2015-05-29,23.2
2015-06-01,24.05
2015-06-02,22.35
2015-06-03,23.15
2015-06-04,23.15
2015-06-05,23.35
2015-06-08,23.85
2015-06-09,23.5
2015-06-10,21.7
2015-06-11,22.5
2015-06-12,20.45
2015-06-15,22
2015-06-16,21.65
2015-06-17,22.4
2015-06-18,18.45
2015-06-19,15.25
2015-06-22,21.15
2015-06-23,19.3
2015-06-24,19.05
2015-06-25,20.65
2015-06-26,20.3
2015-06-29,22.2
2015-06-30,22
2015-07-01,20.6
2015-07-02,20.45
2015-07-03,20.55
2015-07-06,20.7
2015-07-07,20.6
2015-07-08,22
2015-07-09,21.4
2015-07-10,20.35
2015-07-13,20.15
2015-07-14,19.9
2015-07-15,19.6
2015-07-16,17.6
2015-07-17,17.65
2015-07-20,18.4
2015-07-21,18.45
2015-07-22,18.35
2015-07-23,18.4
2015-07-24,16.45
2015-07-27,20.35
2015-07-28,19
2015-07-29,21.1
2015-07-30,20.65
2015-07-31,19.95
2015-08-03,20.15
2015-08-04,19.15
2015-08-05,19.15
2015-08-06,18.85
2015-08-07,18.85
2015-08-10,19.1
2015-08-11,19.75
2015-08-12,20.5
2015-08-13,21.05
2015-08-14,19.55
2015-08-17,20.8
2015-08-18,20.5
2015-08-19,20.7
2015-08-20,20.75
2015-08-21,19.65
2015-08-24,48.8
2015-08-25,39.45
2015-08-26,32.25
2015-08-27,26.1
2015-08-28,27.7
2015-08-31,30.45
2015-09-01,37.05
2015-09-02,35.05
2015-09-03,31.15
2015-09-04,33.3
2015-09-07,35.3
2015-09-08,31.35
2015-09-09,30.65
2015-09-10,32.05
2015-09-11,33.05
2015-09-14,34.9
2015-09-15,37.7
2015-09-16,36.25
2015-09-18,22.65
2015-09-21,24
2015-09-22,29.2
2015-09-23,24.35
2015-09-24,25.6
2015-09-28,28.05
2015-09-29,26.95
2015-09-30,26.45
2015-10-01,26.25
2015-10-05,24.2
2015-10-06,24.55
2015-10-07,24.95
2015-10-08,25.35
2015-10-09,24.35
2015-10-12,25.5
2015-10-13,24.65
2015-10-14,24.45
2015-10-15,22.25
2015-10-16,21.55
2015-10-19,21.95
2015-10-20,21.2
2015-10-21,20.25
2015-10-23,18.6
2015-10-26,23.55
2015-10-27,23.05
2015-10-28,22.75
2015-10-29,22.4
2015-10-30,22.2
2015-11-02,24.15
2015-11-03,24.7
2015-11-04,24.2
2015-11-05,25.25
2015-11-06,25.05
2015-11-09,21.75
2015-11-10,20.95
2015-11-11,21.7
2015-11-13,20.65
2015-11-16,20.95
2015-11-17,20.45
2015-11-18,21.6
2015-11-19,18.4
2015-11-20,17.3
2015-11-23,21.65
2015-11-24,18.3
2015-11-26,20.4
2015-11-27,20.45
2015-11-30,20.1
2015-12-01,19.5
2015-12-02,19.6
2015-12-03,19.85
2015-12-04,19.8
2015-12-07,19.8
2015-12-08,19.3
2015-12-09,20
2015-12-10,19.75
2015-12-11,21.2
2015-12-14,23.25
2015-12-15,23.15
2015-12-16,22.2
2015-12-17,17.45
2015-12-18,16.15
2015-12-21,15.95
2015-12-22,14.8
2015-12-23,14.15
2015-12-24,12.55
2015-12-28,16.7
2015-12-29,15.8
2015-12-30,17.45
2015-12-31,17.45
2016-01-01,17.35
2016-01-04,20.4
2016-01-05,20.5
2016-01-06,20.85
2016-01-07,22.9
2016-01-08,21.25
2016-01-11,21.8
2016-01-12,22.75
2016-01-13,21.65
2016-01-14,24.75
2016-01-15,25.6
2016-01-18,28.55
2016-01-19,24.6
2016-01-20,26.3
2016-01-21,25.3
2016-01-22,21.05
2016-01-25,19.55
2016-01-27,23.3
2016-01-28,23.45
2016-01-29,22.25
2016-02-01,23.75
2016-02-02,22.65
2016-02-03,23.45
2016-02-04,22.75
2016-02-05,22.55
2016-02-08,24.05
2016-02-09,25.85
2016-02-10,27.8
2016-02-11,31.1
2016-02-12,27.65
2016-02-15,24.8
2016-02-16,24.8
2016-02-17,23.05
2016-02-18,23.05
2016-02-19,17.8
2016-02-22,20.15
2016-02-23,23.15
2016-02-24,26.45
2016-02-25,26.15
2016-02-26,26.05
2016-02-29,24.35
2016-03-01,22.7
2016-03-02,24.45
2016-03-03,22.45
2016-03-04,23.2
2016-03-08,24.75
2016-03-09,23.75
2016-03-10,24.15
2016-03-11,23.1
2016-03-14,23.6
2016-03-15,23.7
2016-03-16,22.45
2016-03-17,20
2016-03-18,18.35
2016-03-21,17.4
2016-03-22,15.8
2016-03-23,14.55
2016-03-28,21.45
2016-03-29,20.6
2016-03-30,22.9
2016-03-31,23.15
2016-04-01,23.45
2016-04-04,24.25
2016-04-05,23.5
2016-04-06,22.7
2016-04-07,21.5
2016-04-08,20.5
2016-04-11,19.95
2016-04-12,18.8
2016-04-13,17.15
2016-04-18,21.55
2016-04-20,21.65
2016-04-21,18.9
2016-04-22,18.25
2016-04-25,22.3
2016-04-26,23.05
2016-04-27,21.45
2016-04-28,21.7
2016-04-29,21.3
2016-05-02,22.65
2016-05-03,22.6
2016-05-04,22.05
2016-05-05,21.55
2016-05-06,21.05
2016-05-09,20.5
2016-05-10,20
2016-05-11,21.35
2016-05-12,20.25
2016-05-13,21
2016-05-16,21.9
2016-05-17,21.35
2016-05-18,21.55
2016-05-19,22.5
2016-05-20,19.2
2016-05-23,18.65
2016-05-24,17.8
2016-05-25,18.55
2016-05-26,19.15
2016-05-27,18.95
2016-05-30,20.25
2016-05-31,20.1
2016-06-01,20.2
2016-06-02,19.25
2016-06-03,19.15
2016-06-06,19.4
2016-06-07,18.15
2016-06-08,18.3
2016-06-09,18.4
2016-06-10,18.3
2016-06-13,19.75
2016-06-14,20.1
2016-06-15,19.7
2016-06-16,21.1
2016-06-17,21.45
2016-06-20,24.35
2016-06-21,25.2
2016-06-22,27.65
2016-06-23,27.15
2016-06-24,21.3
2016-06-27,23.05
2016-06-28,21.5
2016-06-29,19
2016-06-30,18.55
2016-07-01,18.55
2016-07-04,18.8
2016-07-05,18.65
2016-07-07,17.65
2016-07-08,16.6
2016-07-11,15.7
2016-07-12,15.65
2016-07-13,16.65
2016-07-14,16.65
2016-07-15,16.85
2016-07-18,18.2
2016-07-19,18
2016-07-20,18.4
2016-07-21,17.1
2016-07-22,16.2
2016-07-25,18.8
2016-07-26,20.05
2016-07-27,17.9
2016-07-28,18.6
2016-07-29,18.3
2016-08-01,20.1
2016-08-02,19.95
2016-08-03,20.15
2016-08-04,18.35
2016-08-05,17.4
2016-08-08,17.85
2016-08-09,17.1
2016-08-10,17.2
2016-08-11,15.85
2016-08-12,14.6
2016-08-16,16.2
2016-08-17,15.75
2016-08-18,15.35
2016-08-19,14.55
2016-08-22,18
2016-08-23,16.85
2016-08-24,14.75
2016-08-25,14.75
2016-08-26,15.4
2016-08-29,15.4
2016-08-30,14.95
2016-08-31,14.35
2016-09-01,14.95
2016-09-02,14.65
2016-09-06,15.65
2016-09-07,15.95
2016-09-08,15.25
2016-09-09,14.8
2016-09-12,18.1
2016-09-14,17.25
2016-09-15,17.4
2016-09-16,16.5
2016-09-19,19.05
2016-09-20,19.3
2016-09-21,19.9
2016-09-22,14.6
2016-09-23,13.95
2016-09-26,17.8
2016-09-27,17.25
2016-09-28,17.5
2016-09-29,20.8
2016-09-30,20.9
2016-10-03,19.95
2016-10-04,17.7
2016-10-05,17.45
2016-10-06,16.95
2016-10-07,16.95
2016-10-10,16.7
2016-10-13,18.1
2016-10-14,17.4
2016-10-17,18.7
2016-10-18,16.5
2016-10-19,17.15
2016-10-20,15.75
2016-10-21,15.1
2016-10-24,18.55
2016-10-25,18.6
2016-10-26,17
2016-10-27,17.5
2016-10-28,17.45
2016-11-01,20.1
2016-11-02,20.7
2016-11-03,20.4
2016-11-04,21.65
2016-11-07,21.1
2016-11-08,22.05
2016-11-09,20.35
2016-11-10,19.15
2016-11-11,21.85
2016-11-15,28.45
2016-11-16,27.1
2016-11-17,21.6
2016-11-18,21.75
2016-11-21,28.55
2016-11-22,27.65
2016-11-23,20.75
2016-11-24,18.15
2016-11-25,20.4
2016-11-28,22.2
2016-11-29,22.5
2016-11-30,21.15
2016-12-01,22.25
2016-12-02,23
2016-12-05,22.8
2016-12-06,22.15
2016-12-07,20.9
2016-12-08,18.9
2016-12-09,17.85
2016-12-12,20.2
2016-12-13,19.35
2016-12-14,21.2
2016-12-15,18
2016-12-16,16.8
2016-12-19,16
2016-12-20,14.8
2016-12-21,14.55
2016-12-22,15.05
2016-12-23,13.35
2016-12-26,16.35
2016-12-27,15.75
2016-12-28,18.1
2016-12-29,17.35
2016-12-30,18.15
2017-01-02,19.65
2017-01-03,19.2
2017-01-04,19.4
2017-01-05,17.95
2017-01-06,17
2017-01-09,17.7
2017-01-10,16.4
2017-01-11,15.65
2017-01-12,14.85
2017-01-13,14.45
2017-01-16,15.95
2017-01-17,16.3
2017-01-18,14.55
2017-01-19,14.5
2017-01-20,15.45
2017-01-23,16.8
2017-01-24,14.8
2017-01-25,17.9
2017-01-27,19.5
2017-01-30,21.05
2017-01-31,20.6
2017-02-01,17.6
2017-02-02,16.35
2017-02-03,16.1
2017-02-06,16.55
2017-02-07,16.7
2017-02-08,15.65
2017-02-09,15.1
2017-02-10,14.7
2017-02-13,8.95
2017-02-14,14.65
2017-02-15,15.15
2017-02-16,14.1
2017-02-17,14.05
2017-02-20,15.65
2017-02-21,15.15
2017-02-22,15.7
2017-02-23,15.2
2017-02-27,16.35
2017-02-28,16.3
2017-03-01,16
2017-03-02,16.2
2017-03-03,16.3
2017-03-06,17.05
2017-03-07,17.3
2017-03-08,18.15
2017-03-09,18.1
2017-03-10,17.8
2017-03-14,15
2017-03-15,14.5
2017-03-16,13.65
2017-03-17,13.2
2017-03-20,13.8
2017-03-21,13.45
2017-03-22,13.9
2017-03-23,12.2
2017-03-24,12.45
2017-03-27,15.1
2017-03-28,14.55
2017-03-29,13.75
2017-03-30,14.25
2017-03-31,14.9
2017-04-03,14.75
2017-04-05,14.1
2017-04-06,13.35
2017-04-07,13.9
2017-04-10,13.5
2017-04-11,13.55
2017-04-12,14.15
2017-04-13,13.15
2017-04-17,14.6
2017-04-18,15.4
2017-04-19,14.7
2017-04-20,13.55
2017-04-21,13.05
2017-04-24,14.6
2017-04-25,14.35
2017-04-26,13.25
2017-04-27,12.95
2017-04-28,12.5
2017-05-02,14
2017-05-03,13.8
2017-05-04,13.7
2017-05-05,13.8
2017-05-08,14.1
2017-05-09,14.15
2017-05-10,13.25
2017-05-11,12.9
2017-05-12,12.65
2017-05-15,12.2
2017-05-16,11.8
2017-05-17,11.85
2017-05-18,12.95
2017-05-19,11.05
2017-05-22,13.7
2017-05-23,17.1
2017-05-24,13.6
2017-05-25,12.25
2017-05-26,12.5
2017-05-29,13.4
2017-05-30,13.3
2017-05-31,12.75
2017-06-01,12.75
2017-06-02,12.35
2017-06-05,12.35
2017-06-06,12.45
2017-06-07,11.75
2017-06-08,11.65
2017-06-09,11.35
2017-06-12,12.4
2017-06-13,12.5
2017-06-14,12.25
2017-06-15,11.6
2017-06-16,10.5
2017-06-19,10.85
2017-06-20,10.6
2017-06-21,10.05
2017-06-22,9.65
2017-06-23,9.85
2017-06-27,16
2017-06-28,14.3
2017-06-29,13.85
2017-06-30,13.65
2017-07-03,13.25
2017-07-04,13.45
2017-07-05,12.45
2017-07-06,12.25
2017-07-07,12.3
2017-07-10,12.35
2017-07-11,12.4
2017-07-12,12.5
2017-07-13,11.95
2017-07-14,11.65
2017-07-17,12.6
2017-07-18,12.7
2017-07-19,11.9
2017-07-20,11.45
2017-07-21,10.35
2017-07-24,12.8
2017-07-25,13.15
2017-07-26,11.9
2017-07-27,12.35
2017-07-28,12.55
2017-07-31,13.1
2017-08-01,12.95
2017-08-02,12.55
2017-08-03,12.4
2017-08-04,12
2017-08-07,11.9
2017-08-08,13
2017-08-09,13.8
2017-08-10,13.45
2017-08-11,15.25
2017-08-14,14.85
2017-08-16,14.5
2017-08-17,14.75
2017-08-18,15.25
2017-08-21,16.05
2017-08-22,15.05
2017-08-23,13.6
2017-08-24,12.15
2017-08-28,15.75
2017-08-29,17.5
2017-08-30,13.55
2017-08-31,13.4
2017-09-01,12.5
2017-09-04,14.35
2017-09-05,13.65
2017-09-06,13.5
2017-09-07,12.9
2017-09-08,12.65
2017-09-11,12
2017-09-12,11.7
2017-09-13,11.5
2017-09-14,11.2
2017-09-15,11
2017-09-18,12.05
2017-09-19,12.05
2017-09-20,12.05
2017-09-21,11.3
2017-09-22,14
2017-09-25,15.5
2017-09-26,14.75
2017-09-27,14.8
2017-09-28,14.25
2017-09-29,13.5
2017-10-03,13.7
2017-10-04,12.8
2017-10-05,12.5
2017-10-06,11.6
2017-10-09,11.85
2017-10-10,11.4
2017-10-11,13.7
2017-10-12,11.1
2017-10-13,11.05
2017-10-16,11.75
2017-10-17,11.75
2017-10-18,11.95
2017-10-19,13.95
2017-10-23,18.1
2017-10-24,18.55
2017-10-25,14.55
2017-10-26,13.8
2017-10-27,13.75
2017-10-30,14.4
2017-10-31,14.2
2017-11-01,14.3
2017-11-02,13.3
2017-11-03,12.8
2017-11-06,13.95
2017-11-07,15.25
2017-11-08,14.55
2017-11-09,13.75
2017-11-10,13.2
2017-11-13,14.6
2017-11-14,14.75
2017-11-15,14.55
2017-11-16,13.45
2017-11-17,13.65
2017-11-20,13.95
2017-11-21,12.75
2017-11-22,12.15
2017-11-23,11.75
2017-11-24,11.4
2017-11-27,12.75
2017-11-28,13.3
2017-11-29,14.7
2017-11-30,14.95
2017-12-01,15.05
2017-12-04,15.8
2017-12-05,15.6
2017-12-06,15.85
2017-12-07,15.05
2017-12-08,14.05
2017-12-11,14.6
2017-12-12,16.8
2017-12-13,18.85
2017-12-14,19.75
2017-12-15,16.55
2017-12-18,9.6
2017-12-19,12.7
2017-12-20,12.1
2017-12-21,11.4
2017-12-22,10.1
2017-12-26,12.7
2017-12-27,12.3
2017-12-28,11.9
2017-12-29,12.1
2018-01-01,13.45
2018-01-02,13.65
2018-01-03,13
2018-01-04,12.55
2018-01-05,11.75
2018-01-08,11.95
2018-01-09,11.7
2018-01-10,11.7
2018-01-11,10.85
2018-01-12,10.55
2018-01-15,11.6
2018-01-16,12.1
2018-01-17,11.15
2018-01-18,11.2
2018-01-19,12.15
2018-01-22,18.05
2018-01-23,18.45
2018-01-24,17.75
2018-01-25,17.3
2018-01-29,18.4
2018-01-30,17.25
2018-01-31,16.75
2018-02-01,14.85
2018-02-02,17.8
2018-02-05,19.95
2018-02-06,26.2
2018-02-07,24.05
2018-02-08,21.05
2018-02-09,24.45
2018-02-12,22.35
2018-02-14,20.75
2018-02-15,18.75
2018-02-16,18.25
2018-02-19,19.55
2018-02-20,20.25
2018-02-23,14.8
2018-02-26,14.95
2018-02-27,15.9
2018-02-28,16.4
2018-03-01,16.9
2018-03-05,18.85
2018-03-06,20.2
2018-03-07,19.25
2018-03-08,18.25
2018-03-09,18.7
2018-03-12,18.8
2018-03-13,18.9
2018-03-14,18.7
2018-03-15,18.5
2018-03-16,20.6
2018-03-19,23.85
2018-03-20,22.55
2018-03-21,20.15
2018-03-22,16.8
2018-03-23,17.8
2018-03-26,21.8
2018-03-27,19.15
2018-03-28,17.55
2018-04-02,19.3
2018-04-03,18.3
2018-04-04,19.75
2018-04-05,16.3
2018-04-06,16.85
2018-04-09,17
2018-04-10,16.1
2018-04-11,16.5
2018-04-12,15.8
2018-04-13,15.05
2018-04-16,15.55
2018-04-17,15.25
2018-04-18,15.4
2018-04-19,14.05
2018-04-20,14.4
2018-04-23,16.6
2018-04-24,15.6
2018-04-25,15.7
2018-04-26,14.05
2018-04-27,13.65
2018-04-30,13.75
2018-05-02,14.65
2018-05-03,14.3
2018-05-04,14.4
2018-05-07,15.5
2018-05-08,16.25
2018-05-09,16.4
2018-05-10,16.05
2018-05-11,15.2
2018-05-14,16.85
2018-05-15,15.15
2018-05-16,14.85
2018-05-17,14.1
2018-05-18,14
2018-05-21,14.8
2018-05-22,13.4
2018-05-23,12.9
2018-05-24,11.4
2018-05-25,11.05
2018-05-28,13.3
2018-05-29,15.9
2018-05-30,14.05
2018-05-31,14.9
2018-06-01,15.25
2018-06-04,16.45
2018-06-05,15.55
2018-06-06,14.75
2018-06-07,14
2018-06-08,14.1
2018-06-11,14.55
2018-06-12,14.5
2018-06-13,14.15
2018-06-14,13.65
2018-06-15,13.5
2018-06-18,14.5
2018-06-19,14.55
2018-06-20,13.05
2018-06-21,12.45
2018-06-22,11.65
2018-06-25,15.05
2018-06-26,15.15
2018-06-27,14.4
2018-06-28,14.35
2018-06-29,14.15
2018-07-02,14.65
2018-07-03,14.9
2018-07-04,14.1
2018-07-05,13.25
2018-07-06,13.15
2018-07-09,12.8
2018-07-10,12.4
2018-07-11,12.45
2018-07-12,11.8
2018-07-13,11.95
2018-07-16,12.45
2018-07-17,12.7
2018-07-18,13.15
2018-07-19,12.75
2018-07-20,13.35
2018-07-23,14.9
2018-07-24,14.55
2018-07-25,13.5
2018-07-26,12.85
2018-07-27,12.8
2018-07-30,13.1
2018-07-31,13.05
2018-08-01,13.3
2018-08-02,12.8
2018-08-03,12.45
2018-08-06,12.3
2018-08-07,12.3
2018-08-08,12.15
2018-08-09,11.6
2018-08-10,11.7
2018-08-13,13.5
2018-08-14,12.4
2018-08-16,13.05
2018-08-17,12.05
2018-08-20,12.3
2018-08-21,11.95
2018-08-23,11.85
2018-08-24,12.5
2018-08-27,12
2018-08-28,13.65
2018-08-29,13.3
2018-08-31,13
2018-09-03,14
2018-09-04,14.55
2018-09-05,13.65
2018-09-06,13.3
2018-09-07,13.4
2018-09-10,15.1
2018-09-11,16.1
2018-09-12,14.85
2018-09-14,13.45
2018-09-17,15.25
2018-09-18,15.15
2018-09-19,12.8
2018-09-21,21.7
2018-09-24,26.1
2018-09-25,26.65
2018-09-26,19.35
2018-09-27,20.65
2018-09-28,21.15
2018-10-01,21.25
2018-10-03,24.1
2018-10-04,25.25
2018-10-05,23.55
2018-10-08,25.35
2018-10-09,24.4
2018-10-10,21.1
2018-10-11,24.05
2018-10-12,22.5
2018-10-15,23.65
2018-10-16,20.6
2018-10-17,20.5
2018-10-19,21.7
2018-10-22,25.25
2018-10-23,26.75
2018-10-24,22.45
2018-10-25,22.45
2018-10-26,23.15
2018-10-29,21.55
2018-10-30,22.05
2018-10-31,21.15
2018-11-01,18.2
2018-11-02,16.85
2018-11-05,17.05
2018-11-06,16.4
2018-11-07,15.65
2018-11-09,15.6
2018-11-12,17.7
2018-11-13,16.35
2018-11-14,16.05
2018-11-15,14.95
2018-11-16,15.6
2018-11-19,17.3
2018-11-20,15.75
2018-11-21,14.85
2018-11-22,13.15
2018-11-26,15.9
2018-11-27,16
2018-11-28,16.95
2018-11-29,16.1
2018-11-30,17.7
2018-12-03,18.75
2018-12-04,18.6
2018-12-05,17.85
2018-12-06,18.25
2018-12-07,17.65
2018-12-10,20.8
2018-12-11,16.9
2018-12-12,15
2018-12-13,13.75
2018-12-14,13.8
2018-12-17,13.75
2018-12-18,13.25
2018-12-19,13.4
2018-12-20,12.35
2018-12-21,13.4
2018-12-24,14.5
2018-12-26,14.6
2018-12-27,14.7
2018-12-28,14.05
2018-12-31,14.35
2019-01-01,14
2019-01-02,14.95
2019-01-03,15.3
2019-01-04,14.45
2019-01-07,14.4
2019-01-08,13.85
2019-01-09,13.5
2019-01-10,13.85
2019-01-11,13.75
2019-01-14,14.85
2019-01-15,14.4
2019-01-16,13.75
2019-01-17,13.45
2019-01-18,13.65
2019-01-21,15.2
2019-01-22,15.45
2019-01-23,15.5
2019-01-24,13.7
2019-01-25,14.95
2019-01-28,21.2
2019-01-29,21.85
2019-01-30,17.95
2019-01-31,15.7
2019-02-01,14.85
2019-02-04,14.95
2019-02-05,14.7
2019-02-06,14.4
2019-02-07,13.95
2019-02-08,13.25
2019-02-11,14.1
2019-02-12,15
2019-02-13,14.55
2019-02-14,14.2
2019-02-15,15.5
2019-02-18,18.15
2019-02-19,17.5
2019-02-20,15.25
2019-02-21,13.1
2019-02-22,12.8
2019-02-25,13.6
2019-02-26,18.25
2019-02-27,17.65
2019-02-28,18
2019-03-01,15.65
2019-03-05,14.75
2019-03-06,14.3
2019-03-07,12.95
2019-03-08,12.9
2019-03-11,13.2
2019-03-12,14.15
2019-03-13,15.45
2019-03-14,14.55
2019-03-15,16.45
2019-03-18,20.5
2019-03-19,17.95
2019-03-20,14.6
2019-03-22,14.6
2019-03-25,16.95
2019-03-26,17.25
2019-03-27,19
2019-03-28,18.75
2019-03-29,19.2
2019-04-01,18.85
2019-04-02,19.3
2019-04-03,20.2
2019-04-04,17.35
2019-04-05,17.1
2019-04-08,17.15
2019-04-09,16.5
2019-04-10,17
2019-04-11,15.95
2019-04-12,15.25
2019-04-15,15.25
2019-04-16,14.4
2019-04-18,12.45
2019-04-22,18.65
2019-04-23,18.05
2019-04-26,24.3
2019-04-30,27.4
2019-05-02,29
2019-05-03,30.8
2019-05-06,35.5
2019-05-07,36.15
2019-05-08,35.65
2019-05-09,34.9
2019-05-10,36.15
2019-05-13,39.95
2019-05-14,40.5
2019-05-15,42.2
2019-05-16,39.4
2019-05-17,39.9
2019-05-20,40.65
2019-05-21,44.2
2019-05-22,48.9
2019-05-23,24.4
2019-05-24,17.45
2019-05-27,19.75
2019-05-28,18.7
2019-05-29,16.65
2019-05-30,16.2
2019-05-31,15.95
2019-06-03,15.9
2019-06-04,15.2
2019-06-06,15.85
2019-06-07,15.1
2019-06-10,15.85
2019-06-11,14.9
2019-06-12,14.8
2019-06-13,14.25
2019-06-14,15.7
2019-06-17,15.9
2019-06-18,15.45
2019-06-19,15.4
2019-06-20,14.7
2019-06-21,14.95
2019-06-24,18.15
2019-06-25,17.2
2019-06-26,15.35
2019-06-27,15.25
2019-06-28,16.1
2019-07-01,15.95
2019-07-02,16.15
2019-07-03,15.05
2019-07-04,15.4
2019-07-05,14.05
2019-07-08,15.7
2019-07-09,15.45
2019-07-10,15.05
2019-07-11,13.2
2019-07-12,12.75
2019-07-15,13.65
2019-07-16,12.75
2019-07-17,12.05
2019-07-18,12.1
2019-07-19,14
2019-07-22,18.75
2019-07-23,17.4
2019-07-24,14.4
2019-07-25,14.5
2019-07-26,13.75
2019-07-29,14.65
2019-07-30,16.55
2019-07-31,16.05
2019-08-01,17.65
2019-08-02,18.2
2019-08-05,19.95
2019-08-06,17.1
2019-08-07,18.15
2019-08-08,16.85
2019-08-09,16.65
2019-08-13,19.15
2019-08-14,17.4
2019-08-16,17.85
2019-08-19,19.35
2019-08-20,19
2019-08-21,18.95
2019-08-22,20.45
2019-08-23,23.1
2019-08-26,26.5
2019-08-27,25.55
2019-08-28,18.75
2019-08-29,20.5
2019-08-30,19.9
2019-09-03,22.35
2019-09-04,21.45
2019-09-11,18.55
2019-09-12,17.35
2019-09-13,16.35
2019-09-16,19.4
2019-09-17,22.55
2019-09-18,21.45
2019-09-19,20.6
2019-09-20,25.55
2019-09-23,37
2019-09-24,34.55
2019-09-25,19.5
2019-09-26,22.1
2019-09-27,22.5
2019-09-30,25.25
2019-10-01,27.3
2019-10-03,29
2019-10-04,29.55
2019-10-07,29.35
2019-10-09,27.75
2019-10-10,28.7
2019-10-11,30.05
2019-10-14,29.85
2019-10-15,28.6
2019-10-16,26.8
2019-10-17,24.2
2019-10-18,25
2019-10-22,26.95
2019-10-23,24.55
2019-10-24,24.2
2019-10-25,18.3
2019-10-29,25.75
2019-10-30,23.25
2019-10-31,22.15
2019-11-01,21.1
2019-11-04,22.05
2019-11-05,21.55
2019-11-06,21.7
2019-11-07,20.85
2019-11-08,20.55
2019-11-11,21.1
2019-11-13,22.15
2019-11-14,20.4
2019-11-15,19.55
2019-11-18,20.85
2019-11-19,19.8
2019-11-20,18.65
2019-11-21,17.1
2019-11-22,15.35
2019-11-25,17.25
2019-11-26,18.35
2019-11-27,17.15
2019-11-28,16.9
2019-11-29,16.6
2019-12-02,16.7
2019-12-03,16.7
2019-12-04,16.3
2019-12-05,16.2
2019-12-06,17
2019-12-09,17.25
2019-12-10,16.95
2019-12-11,15.95
2019-12-12,14.6
2019-12-13,16
2019-12-16,15.85
2019-12-17,15.25
2019-12-18,14.25
2019-12-19,13.15
2019-12-20,12.2
2019-12-23,12.7
2019-12-24,10.2
2019-12-26,15
2019-12-27,13.75
2019-12-30,14.25
2019-12-31,14.4
2020-01-01,14.05
2020-01-02,13.7
2020-01-03,15
2020-01-06,18.05
2020-01-07,17.8
2020-01-08,18.7
2020-01-09,15.95
2020-01-10,16.6
2020-01-13,17.35
2020-01-14,16.95
2020-01-15,16.75
2020-01-16,15.7
2020-01-17,16.7
2020-01-20,19.1
2020-01-21,19.1
2020-01-22,17.95
2020-01-23,16.25
2020-01-24,15.75
2020-01-27,20.85
2020-01-28,21.4
2020-01-29,21.7
2020-01-30,21.6
2020-01-31,21.5
2020-02-03,18.3
2020-02-04,17.5
2020-02-05,16.7
2020-02-06,16.45
2020-02-07,16
2020-02-10,16.25
2020-02-11,15.95
2020-02-12,14.6
2020-02-13,14.95
2020-02-14,15.85
2020-02-17,17.1
2020-02-18,16.65
2020-02-19,14.8
2020-02-20,13.75
2020-02-24,22.6
2020-02-25,22.95
2020-02-26,19.1
2020-02-27,19.05
2020-02-28,23.6
2020-03-02,28
2020-03-03,24.4
2020-03-04,25.85
2020-03-05,24.95
2020-03-06,29.6
2020-03-09,35.85
2020-03-11,37.1
2020-03-12,55
2020-03-13,63.3
2020-03-19,100
2020-03-20,97.9
2020-03-23,100
2020-03-24,100
2020-03-25,86.1
2020-04-01,75.95
2020-04-03,71.8
2020-04-07,66.1
2020-04-08,71.1
2020-04-09,65.75
2020-04-13,67.95
2020-04-15,66.2
2020-04-16,61.4
2020-04-17,58.7
2020-04-20,65.6
2020-04-21,68.55
2020-04-22,63.4
2020-04-23,54.2
2020-04-24,54.25
2020-04-27,58.5
2020-04-28,47.4
2020-05-04,55.6
2020-05-05,57.35
2020-05-06,54.6
2020-05-07,52.15
2020-05-08,50.6
2020-05-11,52.25
2020-05-12,53.9
2020-05-13,59.25
2020-05-14,54.5
2020-05-15,54.45
2020-05-18,62.2
2020-05-19,57.15
2020-05-20,48.65
2020-05-21,43.35
2020-05-22,43
2020-05-26,51.6
2020-05-27,41.4
2020-05-28,42.25
2020-05-29,44.75
2020-06-01,46.7
2020-06-02,45.35
2020-06-03,44.55
2020-06-04,45.6
2020-06-05,46.8
2020-06-08,51.15
2020-06-09,52.4
2020-06-10,50.6
2020-06-11,53.3
2020-06-12,53.25
2020-06-15,60.15
2020-06-16,57.8
2020-06-17,56
2020-06-18,46.75
2020-06-19,44.45
2020-06-22,52.8
2020-06-23,51.2
2020-06-24,45.55
2020-06-30,43.85
2020-07-01,41.1
2020-07-02,39.6
2020-07-03,38.65
2020-07-06,37.05
2020-07-07,38.1
2020-07-08,37
2020-07-09,35.4
2020-07-10,37.45
2020-07-13,40.2
2020-07-14,43.75
2020-07-15,41.55
2020-07-16,39.15
2020-07-17,36.9
2020-07-20,39.3
2020-07-21,37.05
2020-07-22,36.35
2020-07-23,34.1
2020-07-24,34.2
2020-07-27,44.55
2020-07-28,41.45
2020-07-29,37.35
2020-07-30,37.35
2020-07-31,37.25
2020-08-03,38.7
2020-08-04,35.45
2020-08-05,35.05
2020-08-06,33.25
2020-08-07,31.3
2020-08-10,33.05
2020-08-11,30.15
2020-08-12,30.1
2020-08-13,29.15
2020-08-14,30.65
2020-08-17,30.9
2020-08-18,28.9
2020-08-19,28.75
2020-08-20,28.75
2020-08-21,24.4
2020-08-24,30.15
2020-08-25,29.45
2020-08-26,29
2020-08-27,28.85
2020-08-28,28.35
2020-08-31,36.3
2020-09-01,35.45
2020-09-02,34.65
2020-09-03,33.75
2020-09-04,34.7
2020-09-07,34.3
2020-09-08,34.65
2020-09-09,35.35
2020-09-10,31.9
2020-09-11,30.9
2020-09-14,36.55
2020-09-15,34.35
2020-09-16,32.55
2020-09-17,32.15
2020-09-18,32.65
2020-09-21,40.55
2020-09-22,37.85
2020-09-23,34
2020-09-24,36.15
2020-09-25,31.4
2020-09-28,30.4
2020-09-29,30.25
2020-09-30,29.05
2020-10-01,27.65
2020-10-05,30.6
2020-10-06,30.7
2020-10-07,30.85
2020-10-08,30.05
2020-10-09,30.75
2020-10-12,34.05
2020-10-13,34.25
2020-10-14,33.7
2020-10-15,32.8
2020-10-16,32.45
2020-10-19,33.75
2020-10-20,35.15
2020-10-21,32.9
2020-10-22,33.3
2020-10-23,32.7
2020-10-26,41.65
2020-10-27,39.65
2020-10-28,38.3
2020-10-29,38.7
2020-10-30,38.75
2020-11-02,40.75
2020-11-03,37.75
2020-11-04,34.65
2020-11-05,30.55
2020-11-06,30.95
2020-11-09,31.5
2020-11-10,35
2020-11-11,34.7
2020-11-12,32.05
2020-11-13,30.05
2020-11-17,30.55
2020-11-18,30.9
2020-11-19,30.05
2020-11-20,29.8
2020-11-23,38
2020-11-24,35.95
2020-11-25,32.8
2020-11-26,30.2
2020-11-27,29.35
2020-12-01,30.75
2020-12-02,29.6
2020-12-03,27.3
2020-12-04,25.9
2020-12-07,26.65
2020-12-08,26.6
2020-12-09,26.1
2020-12-10,25.5
2020-12-11,25.8
2020-12-14,26.4
2020-12-15,25.75
2020-12-16,25.15
2020-12-17,23.15
2020-12-18,22.3
2020-12-21,30.6
2020-12-22,25.8
2020-12-23,21.8
2020-12-24,20.45
2020-12-28,26.4
2020-12-29,26.8
2020-12-30,27.75
2020-12-31,28.2
2021-01-01,25.7
2021-01-04,26.35
2021-01-05,26.7
2021-01-06,26.5
2021-01-07,25.25
2021-01-08,25.25
2021-01-11,27.4
2021-01-12,28.6
2021-01-13,28.1
2021-01-14,26.95
2021-01-15,27.15
2021-01-18,29.2
2021-01-19,25.5
2021-01-20,21.95
2021-01-21,22.45
2021-01-22,27.05
2021-01-25,26.05
2021-01-27,34.2
2021-01-28,31.95
2021-01-29,32.3
2021-02-01,27.7
2021-02-02,28.6
2021-02-03,27.55
2021-02-04,26.85
2021-02-05,30.15
2021-02-08,30.8
2021-02-09,29.45
2021-02-10,27.8
2021-02-11,25.3
2021-02-12,24.7
2021-02-15,27.4
2021-02-16,26.7
2021-02-17,25.35
2021-02-18,25.4
2021-02-19,26.3
2021-02-22,32.8
2021-02-23,31.3
2021-02-24,28.15
2021-02-25,27.45
2021-02-26,34.8
2021-03-01,32.9
2021-03-02,30.95
2021-03-03,30.1
2021-03-04,31.8
2021-03-05,34.1
2021-03-08,33.5
2021-03-09,30.35
2021-03-10,28.1
2021-03-12,30.55
2021-03-15,31.95
2021-03-16,32.45
2021-03-17,33.9
2021-03-18,32.65
2021-03-19,33.95
2021-03-22,40.45
2021-03-23,37.15
2021-03-24,31.55
2021-03-25,30.35
2021-03-26,29.2
2021-03-30,29.1
2021-03-31,29.95
2021-04-01,26.6
2021-04-05,32.95
2021-04-06,33
2021-04-07,30.55
2021-04-08,30.65
2021-04-09,30.2
2021-04-12,37.35
2021-04-13,33.2
2021-04-15,33.7
2021-04-16,32.35
2021-04-19,36.1
2021-04-20,34.75
2021-04-22,38.35
2021-04-23,37.2
2021-04-26,41.75
2021-04-27,37.25
2021-04-28,32.55
2021-04-29,32.55
2021-04-30,34.4
2021-05-03,35.1
2021-05-04,34.6
2021-05-05,33.15
2021-05-06,31.85
2021-05-07,30.65
2021-05-10,29.1
2021-05-11,27.75
2021-05-12,28.1
2021-05-14,28.7
2021-05-17,28.7
2021-05-18,27.7
2021-05-19,27.65
2021-05-20,27.5
2021-05-21,26.65
2021-05-24,31.05
2021-05-25,29.55
2021-05-26,28.75
2021-05-27,28.9
2021-05-28,27.8
2021-05-31,26.7
2021-06-02,24.15
2021-06-03,23.6
2021-06-04,23.55
2021-06-07,23.75
2021-06-08,22.6
2021-06-09,23.25
2021-06-10,22.65
2021-06-11,21.6
2021-06-14,22.05
2021-06-15,21.5
2021-06-16,22.65
2021-06-17,21.8
2021-06-18,19.5
2021-06-21,23.1
2021-06-22,23.6
2021-06-23,20.75
2021-06-24,20.35
2021-06-25,18.55
2021-06-28,19.15
2021-06-29,18.9
2021-06-30,19.05
2021-07-01,18.5
2021-07-02,17.6
2021-07-05,16.9
2021-07-06,16.85
2021-07-07,17.2
2021-07-08,18.1
2021-07-09,18
2021-07-12,17.75
2021-07-13,17.05
2021-07-14,17.2
2021-07-15,16.95
2021-07-16,15.75
2021-07-19,18.05
2021-07-20,20.5
2021-07-22,17.7
2021-07-23,16.2
2021-07-26,20.5
2021-07-27,21
2021-07-28,19.85
2021-07-29,18.1
2021-07-30,17.55
2021-08-02,17.6
2021-08-03,17.55
2021-08-04,18.3
2021-08-05,17.45
2021-08-06,17.25
2021-08-09,17.75
2021-08-10,18.05
2021-08-11,17.95
2021-08-12,17.35
2021-08-13,16.6
2021-08-16,17.65
2021-08-17,16.2
2021-08-18,16
2021-08-20,17.65
2021-08-23,19.75
2021-08-24,19.9
2021-08-25,16.85
2021-08-26,16.75
2021-08-27,16.15
2021-08-30,16.7
2021-08-31,17.65
2021-09-01,17.8
2021-09-02,17.6
2021-09-03,17.25
2021-09-06,18.1
2021-09-07,17.65
2021-09-08,17.95
2021-09-09,17.25
2021-09-13,17.55
2021-09-14,16.75
2021-09-15,17.2
2021-09-16,19.45
2021-09-17,17.8
2021-09-20,21.6
2021-09-21,20.9
2021-09-22,22.9
2021-09-23,20.15
2021-09-24,19.15
2021-09-27,22.8
2021-09-28,22.7
2021-09-29,23.25
2021-09-30,22.95
2021-10-01,21.3
2021-10-04,20.55
2021-10-05,19.45
2021-10-06,20.5
2021-10-07,19.15
2021-10-08,18.15
2021-10-11,18.7
2021-10-12,18.5
2021-10-13,18.75
2021-10-14,18.55
2021-10-18,20.35
2021-10-19,20.65
2021-10-20,21.7
2021-10-21,19.8
2021-10-22,18.8
2021-10-25,25.2
2021-10-26,23.35
2021-10-27,21.2
2021-10-28,22.3
2021-10-29,21.05
2021-11-01,20.2
2021-11-02,19.5
2021-11-03,19.6
2021-11-04,18.85
2021-11-08,19.95
2021-11-09,19.6
2021-11-10,19.75
2021-11-11,19.5
2021-11-12,17.45
2021-11-15,19.1
2021-11-16,19.5
2021-11-17,19.6
2021-11-18,16.6
2021-11-22,25.5
2021-11-23,23.45
2021-11-24,17.8
2021-11-25,17.45
2021-11-26,21.55
2021-11-29,22.2
2021-11-30,23.25
2021-12-01,21.4
2021-12-02,20.2
2021-12-03,20.9
2021-12-06,22.85
2021-12-07,20.95
2021-12-08,19.35
2021-12-09,18.8
2021-12-10,18.7
2021-12-13,20.05
2021-12-14,20.3
2021-12-15,21.3
2021-12-16,20.25
2021-12-17,21.45
2021-12-20,26.55
2021-12-21,22.95
2021-12-22,21.3
2021-12-23,19.9
2021-12-24,20.7
2021-12-27,26.75
2021-12-28,26.7
2021-12-29,22.2
2021-12-30,22.1
2021-12-31,21.15
2022-01-03,21.4
2022-01-04,20.95
2022-01-05,21.9
2022-01-06,22.25
2022-01-07,21.65
2022-01-10,22.5
2022-01-11,23.3
2022-01-12,22.5
2022-01-13,21.9
2022-01-14,21.6
2022-01-17,22.65
2022-01-18,22.2
2022-01-19,22.05
2022-01-20,20.75
2022-01-21,20.35
2022-01-24,30.65
2022-01-25,24.45
2022-01-27,28.45
2022-01-28,28.2
2022-01-31,29.05
2022-02-01,23.85
2022-02-02,21.6
2022-02-03,21.6
2022-02-04,21.9
2022-02-07,24.2
2022-02-08,23.15
2022-02-09,21.55
2022-02-10,20.3
2022-02-11,21
2022-02-14,30.15
2022-02-15,24.2
2022-02-16,25.45
2022-02-17,27.15
2022-02-18,27.3
2022-02-21,30.5
2022-02-22,33.25
2022-02-23,25.8
2022-02-24,32.55
2022-02-25,27.75
2022-02-28,32.35
2022-03-02,34
2022-03-03,33.65
2022-03-04,34.2
2022-03-07,39.1
2022-03-08,38.5
2022-03-09,35.4
2022-03-10,32.4
2022-03-11,33.2
2022-03-14,33.7
2022-03-15,35.45
2022-03-16,31.7
2022-03-17,27.6
2022-03-21,33.1
2022-03-22,30.9
2022-03-23,31.95
2022-03-24,31.4
2022-03-25,30.9
2022-03-28,34
2022-03-29,33.4
2022-03-30,26.25
2022-03-31,25.2
2022-04-01,23.5
2022-04-04,23.95
2022-04-05,24.3
2022-04-06,24.25
2022-04-07,24.15
2022-04-08,23.2
2022-04-11,23.4
2022-04-12,21.4
2022-04-13,20.45
2022-04-18,24.3
2022-04-19,24.5
2022-04-20,22.65
2022-04-21,20.55
2022-04-22,23.05
2022-04-25,30.55
2022-04-26,26.25
2022-04-27,23.55
2022-04-28,22.05
2022-04-29,22.7
2022-05-02,23.3
2022-05-04,26.75
2022-05-05,23.95
2022-05-06,24.05
2022-05-09,25.5
2022-05-10,24.7
2022-05-11,24.65
2022-05-12,27.2
2022-05-13,27
2022-05-16,27.95
2022-05-17,25.15
2022-05-18,24.95
2022-05-19,26.75
2022-05-20,24.5
2022-05-23,30.85
2022-05-24,32.45
2022-05-25,26
2022-05-26,23.75
2022-05-27,22.6
2022-05-30,22.45
2022-05-31,23.3
2022-06-01,22.4
2022-06-02,21.8
2022-06-03,22.45
2022-06-06,22.8
2022-06-07,22.95
2022-06-08,21.65
2022-06-09,20.45
2022-06-10,22.05
2022-06-13,25.95
2022-06-14,26.65
2022-06-15,26.3
2022-06-16,26.15
2022-06-17,25.65
2022-06-20,26
2022-06-21,24.75
2022-06-22,23.9
2022-06-23,23
2022-06-24,23.05
2022-06-27,27.3
2022-06-28,26.35
2022-06-29,24.35
2022-06-30,24
2022-07-01,23.15
2022-07-04,22.8
2022-07-05,22.65
2022-07-06,21.9
2022-07-07,20.85
2022-07-08,19.75
2022-07-11,20.55
2022-07-12,20.7
2022-07-13,21.05
2022-07-14,20.2
2022-07-15,19.25
2022-07-18,19.25
2022-07-19,18.8
2022-07-20,18.8
2022-07-21,18.15
2022-07-22,18.25
2022-07-25,21.55
2022-07-26,21.85
2022-07-27,19.75
2022-07-28,18
2022-07-29,17.85
2022-08-01,18.5
2022-08-02,19.15
2022-08-03,19.25
2022-08-04,19.7
2022-08-05,18.65
2022-08-08,18.85
2022-08-10,19.3
2022-08-11,17.3
2022-08-12,16.1
2022-08-16,17.2
2022-08-17,17
2022-08-18,15.4
